name,ndcg_cut_10,recip_rank,map,P_10,recall_10,high_share,margin,avg_time_ms_per_query,low_activation_rate,low_calls,rank_ndcg,rank_mrr,rank_map,rank_speed,score_global
"            qid    docno  rank       score
0       1004258  1195717     1  109.346481
1       1004258  1091350     2  109.247971
2       1004258  1678078     3  109.102287
3       1004258  2395858     4  109.062103
4       1004258  1306851     5  108.996544
...         ...      ...   ...         ...
697995   959589  2551532    96  105.427460
697996   959589  5388796    97  105.408401
697997   959589  1777006    98  105.405685
697998   959589  7979357    99  105.395111
697999   959589  4654924   100  105.356384

[698000 rows x 4 columns]",0.3788062620556041,0.33372591715625405,0.3285906661041823,0.058982808022926,0.5650668576886341,0.5,1.0,665.2162035682004,68.06590257879657,4751,1.0,1.0,1.0,6.0,2.5
"            qid    docno  rank       score
0       1004258  1195717     1  109.346481
1       1004258  1091350     2  109.247971
2       1004258  1678078     3  109.102287
3       1004258  2395858     4  109.062103
4       1004258  1306851     5  108.996544
...         ...      ...   ...         ...
697995   870422  1822777    96   96.369370
697996   870422  8824341    97   96.364288
697997   870422  2283550    98   96.354111
697998   870422  6957165    99   96.352646
697999   870422  7674348   100   96.350685

[698000 rows x 4 columns]",0.3655746021162471,0.32332669116212726,0.3176435100957691,0.05666189111748138,0.5427650429799425,0.4,1.0,617.0599590175062,66.89111747851003,4669,2.0,2.0,2.0,5.0,2.9000000000000004
"            qid    docno  rank       score
0       1005595   537603     1  108.652023
1       1005595  2337908     2  108.534851
2       1005595  5525088     3  108.459747
3       1005595  5525085     4  108.393066
4       1005595     1404     5  107.751068
...         ...      ...   ...         ...
697995   994941  3075982    96  103.965263
697996   994941  6643527    97  103.959358
697997   994941  7594788    98  103.945511
697998   994941  2960723    99  103.862900
697999   994941  1674159   100  103.856445

[698000 rows x 4 columns]",0.3641071987366384,0.3225713644697136,0.31711964958557426,0.05610315186246696,0.5368194842406875,0.5,0.5,576.8294693399781,46.69054441260745,3259,3.0,3.0,3.0,4.0,3.3000000000000007
"            qid    docno  rank       score
0       1051990  5830477     1  103.991119
1       1051990  5830474     2  103.257607
2       1051990  3005654     3  102.812653
3       1051990  8676231     4  102.734467
4       1051990  2743412     5  102.473785
...         ...      ...   ...         ...
697995   994941  3075982    96  103.965263
697996   994941  6643527    97  103.959358
697997   994941  7594788    98  103.945511
697998   994941  2960723    99  103.862900
697999   994941  1674159   100  103.856445

[698000 rows x 4 columns]",0.3447802956207791,0.30670237095009645,0.30078317009719324,0.05275071633238026,0.5051337153772683,0.4,0.5,529.293426373349,45.787965616045845,3196,4.0,4.0,4.0,3.0,3.7
"            qid    docno  rank       score
0       1048585  7187157     1  105.208710
1       1048585  7617411     2  103.984131
2       1048585  3856131     3  103.174164
3       1048585  7617404     4  102.265076
4       1048585  7187160     5  100.327911
...         ...      ...   ...         ...
697995  1040848   824642    96   96.048195
697996  1040848  5202885    97   96.022583
697997  1040848  5765466    98   95.962418
697998  1040848  4046110    99   95.930122
697999  1040848  8514962   100   95.883072

[698000 rows x 4 columns]",0.33678347240726914,0.2996197087428947,0.293870866661619,0.05103151862464351,0.4890759312320917,0.5,0.0,381.2495094790713,0.0,0,5.0,5.0,5.0,2.0,4.1
"            qid    docno  rank       score
0       1096644  7482851     1  100.638283
1       1096644  7489925     2  100.502907
2       1096644  4509383     3   99.282829
3       1096644  3847335     4   99.153091
4       1096644  6462614     5   99.103279
...         ...      ...   ...         ...
697995  1048565   185953    96   96.206657
697996  1048565  7132964    97   96.200699
697997  1048565  1041916    98   96.193581
697998  1048565  8740366    99   96.139130
697999  1048565  6234119   100   96.124313

[698000 rows x 4 columns]",0.3061233889235507,0.2746382716076003,0.26857037654606725,0.045573065902579285,0.4365926456542502,0.4,0.0,309.31323033825555,0.0,0,6.0,6.0,6.0,1.0,4.500000000000001
